{
  "missing_visits_pct": {
    "mean": 0.00540809968847352,
    "std": 0.01657716206098899,
    "median": 0.0,
    "q1": 0.0,
    "q3": 0.0,
    "min": 0.0,
    "max": 0.27
  },
  "missing_pages_pct": {
    "mean": 0.06407476635514019,
    "std": 0.12722622191965194,
    "median": 0.02,
    "q1": 0.0,
    "q3": 0.08,
    "min": 0.0,
    "max": 1.0
  },
  "open_issues_per_subject": {
    "mean": 0.1307728823616674,
    "std": 0.683624791313708,
    "median": 0.0,
    "q1": 0.0,
    "q3": 0.0,
    "min": 0.0,
    "max": 11.0
  },
  "safety_pending_pct": {
    "mean": 0.5045074929236593,
    "std": 0.48919727398219925,
    "median": 0.5,
    "q1": 0.0,
    "q3": 1.0,
    "min": 0.0,
    "max": 1.0
  },
  "days_outstanding_avg": {
    "mean": 0.0,
    "std": 0.0,
    "median": 0.0,
    "q1": 0.0,
    "q3": 0.0,
    "min": 0.0,
    "max": 0.0
  },
  "days_pages_missing_avg": {
    "mean": 18.682877410869008,
    "std": 73.7398016343466,
    "median": 0.0,
    "q1": 0.0,
    "q3": 0.0,
    "min": 0.0,
    "max": 1267.0
  },
  "meddra_coding_rate": {
    "mean": 0.99,
    "std": 0.0,
    "median": 0.99,
    "q1": 0.99,
    "q3": 0.99,
    "min": 0.99,
    "max": 0.99
  },
  "whodd_coding_rate": {
    "mean": 0.99,
    "std": 0.0,
    "median": 0.99,
    "q1": 0.99,
    "q3": 0.99,
    "min": 0.99,
    "max": 0.99
  }
}